id,content,dueDate,inputDate,category
Name,Description,Status,Members,Due-Date
Learn Figma2,This is Task 2 This is Task 2 This is Task 2 This is Task 2 This is Task 2 This is Task 2,To-Do,elva,13/5/2021
3,dfgfgfjfljfdfgfdgfdgfgfgfd,dfgfgfjfljf,11/5/2021,family
Task 4,testing,29/5/2021,Elva,friend
5,testing,29/5/2021,11/5/2021,null
6,testing,29/5/2021,11/5/2021,friend
7,testing,29/5/2021,11/5/2021,work
8,testing,29/5/2021,11/5/2021,null
9,testing,29/5/2021,11/5/2021,study
10,testing,29/5/2021,3/5/2021,esme
11,testing,29/5/2021,3/5/2021,undefined
13,hahahahahah,date here,lfkdsdfsdfds,undefined
14,hahahahahah,date here,lfkdsdfsdfds,undefined